"","anger","anticipation","disgust","fear","joy","sadness","surprise","trust","negative","positive","score"
"1",0,1,0,0,0,0,0,2,1,6,5
"2",0,0,0,1,0,1,1,0,1,0,-1
"3",0,0,0,0,1,0,0,0,0,1,1
"4",0,0,1,0,0,0,0,0,1,0,-1
"5",1,2,0,0,0,0,0,0,1,1,0
"6",0,1,0,0,1,0,0,1,0,1,1
"7",0,0,0,0,0,0,0,0,0,0,0
"8",0,0,0,0,0,0,0,0,0,2,2
"9",0,0,0,0,0,0,0,0,0,0,0
"10",0,1,0,1,0,0,0,0,0,0,0
"11",0,0,0,0,1,0,0,1,0,1,1
"12",0,0,0,0,0,1,0,0,1,0,-1
"13",0,0,0,0,0,0,0,0,0,0,0
"14",0,0,0,1,0,0,0,0,1,0,-1
"15",0,1,0,1,0,0,0,0,0,0,0
"16",0,1,0,0,1,0,0,1,0,1,1
"17",0,2,0,1,1,1,1,1,0,1,1
"18",0,0,0,1,0,2,0,0,2,0,-2
"19",0,1,0,0,1,0,1,1,0,1,1
"20",0,3,0,0,4,1,1,3,1,5,4
"21",1,1,1,0,1,0,1,1,1,1,0
"22",0,0,0,0,0,0,0,0,0,0,0
"23",0,1,0,0,1,0,1,1,0,1,1
"24",0,1,0,1,0,0,0,0,0,0,0
"25",0,0,0,0,0,0,0,0,0,0,0
"26",0,1,0,0,0,0,0,0,1,0,-1
"27",0,1,0,0,1,0,1,1,0,1,1
"28",0,0,1,0,0,0,0,0,0,0,0
"29",0,0,0,0,0,0,0,0,0,0,0
"30",0,1,0,1,0,0,0,0,0,0,0
"31",0,0,0,0,1,0,0,1,0,1,1
"32",0,0,0,0,0,0,0,0,0,0,0
"33",0,0,0,0,0,0,0,0,0,0,0
"34",1,0,0,0,0,0,0,0,1,0,-1
"35",0,0,0,0,0,0,0,0,0,0,0
"36",0,0,0,0,0,0,0,0,0,0,0
"37",0,2,0,1,2,0,0,0,0,2,2
"38",0,0,0,0,0,0,0,0,0,0,0
"39",0,0,1,0,0,0,0,0,0,0,0
"40",0,0,0,0,0,0,0,0,0,0,0
"41",0,1,0,0,1,0,0,1,0,1,1
"42",0,0,1,0,0,1,0,1,1,1,0
"43",0,0,0,0,1,0,0,1,0,1,1
"44",0,0,0,0,1,0,0,1,0,2,2
"45",0,0,0,0,0,0,0,0,0,0,0
"46",0,2,0,1,1,0,1,1,0,1,1
"47",0,1,0,1,1,0,0,0,0,2,2
"48",0,1,0,0,1,0,1,1,0,1,1
"49",0,1,0,0,1,0,1,1,0,1,1
"50",0,0,0,0,0,0,0,0,0,0,0
"51",0,0,0,0,0,0,0,0,0,1,1
"52",0,1,0,0,1,0,1,1,0,1,1
"53",0,0,0,0,0,0,0,0,0,1,1
"54",0,0,0,0,0,0,0,0,0,0,0
"55",0,0,0,0,0,0,0,0,0,0,0
"56",0,0,0,0,1,0,0,0,0,1,1
"57",0,0,0,0,0,0,0,0,0,0,0
"58",0,0,0,0,2,0,0,2,1,2,1
"59",0,0,0,0,0,1,0,0,1,0,-1
"60",1,2,0,1,2,0,1,1,1,2,1
"61",0,0,0,0,1,0,0,0,0,1,1
"62",0,0,0,0,0,0,0,0,0,0,0
"63",0,1,0,2,1,0,1,1,1,2,1
"64",0,1,0,1,0,0,0,0,0,0,0
"65",0,1,0,0,1,0,1,0,0,1,1
"66",0,0,0,0,1,0,0,0,0,1,1
"67",0,2,0,1,1,0,0,1,0,1,1
"68",0,0,0,0,0,0,0,0,0,0,0
"69",0,1,0,0,1,0,0,1,0,1,1
"70",0,0,0,0,0,0,0,0,0,0,0
"71",0,0,1,0,0,0,0,0,0,0,0
"72",0,1,0,0,1,0,0,1,0,1,1
"73",0,1,0,1,1,0,0,1,0,1,1
"74",0,0,0,0,0,0,0,0,0,0,0
"75",0,0,0,0,0,0,0,0,0,0,0
"76",1,2,0,1,2,0,1,1,1,2,1
"77",0,0,0,0,0,0,0,0,0,0,0
"78",0,1,0,0,1,0,0,1,0,1,1
"79",0,0,0,1,0,1,0,0,1,0,-1
"80",0,0,0,0,0,0,0,0,0,0,0
"81",0,2,0,1,1,0,0,1,0,1,1
"82",0,1,0,0,0,0,0,1,0,1,1
"83",1,0,1,1,0,1,0,0,1,0,-1
"84",1,0,1,1,0,1,0,0,1,0,-1
"85",1,4,2,3,1,2,1,2,3,2,-1
"86",0,0,0,0,0,1,0,0,1,0,-1
"87",0,0,0,0,0,0,0,0,0,0,0
"88",0,0,0,0,0,0,0,0,0,0,0
"89",0,0,0,0,0,0,0,0,0,1,1
"90",1,0,0,0,1,0,0,0,1,1,0
"91",0,1,0,0,1,0,0,2,0,2,2
"92",3,4,0,2,2,0,1,3,2,3,1
"93",0,0,0,0,0,0,0,1,0,2,2
"94",1,1,0,0,3,0,1,0,1,3,2
"95",0,3,0,0,0,0,0,1,1,1,0
"96",0,0,0,0,0,0,0,0,0,0,0
"97",1,0,1,0,0,0,0,0,1,0,-1
"98",0,3,0,0,2,0,0,3,1,3,2
"99",0,0,0,0,0,0,0,0,0,0,0
"100",0,0,0,0,0,0,0,0,0,0,0
"101",0,0,0,0,0,0,0,0,0,0,0
"102",0,2,0,0,2,0,1,1,0,3,3
"103",0,0,0,0,0,0,0,0,0,0,0
"104",0,2,0,1,1,0,1,1,0,1,1
"105",2,2,0,0,1,1,2,2,3,3,0
"106",0,0,0,0,1,0,0,1,0,1,1
"107",0,2,0,1,0,0,0,0,0,0,0
"108",0,1,0,0,0,0,0,0,0,1,1
"109",0,0,0,0,1,0,0,0,0,1,1
"110",0,1,0,0,0,0,0,0,0,0,0
"111",0,1,0,0,2,1,1,1,0,2,2
"112",1,2,0,0,1,0,1,1,1,1,0
"113",0,1,0,0,0,0,0,1,0,1,1
"114",0,0,0,0,0,0,0,0,0,0,0
"115",0,0,0,0,1,0,0,1,0,1,1
"116",0,2,0,0,1,0,1,1,0,2,2
"117",0,0,0,0,0,0,0,0,0,0,0
"118",0,0,0,1,0,0,0,1,1,0,-1
"119",0,0,0,0,1,0,0,0,0,1,1
"120",0,0,0,0,0,0,0,0,0,0,0
"121",1,2,0,0,2,0,2,2,0,2,2
"122",0,0,0,0,1,0,0,0,0,1,1
"123",0,0,0,0,0,0,0,0,0,0,0
"124",0,0,0,0,0,0,0,0,0,0,0
"125",0,4,0,1,1,1,1,0,1,3,2
"126",0,0,0,0,0,0,0,0,0,0,0
"127",0,2,0,1,1,0,0,1,0,1,1
"128",1,2,0,0,1,0,1,1,1,1,0
"129",0,0,0,0,0,0,0,0,0,0,0
"130",0,0,0,0,0,0,0,1,1,0,-1
"131",0,1,0,0,1,0,0,1,0,1,1
"132",0,1,0,1,0,0,0,0,0,2,2
"133",0,2,0,1,2,0,1,1,0,2,2
"134",0,1,0,0,2,0,1,0,0,2,2
"135",0,0,0,0,0,0,0,0,0,0,0
"136",0,3,0,0,1,1,1,2,3,1,-2
"137",3,2,2,2,3,2,2,2,3,3,0
"138",0,0,0,0,1,0,0,0,0,1,1
"139",0,1,0,0,0,0,0,1,0,1,1
"140",0,0,0,0,0,0,0,0,0,0,0
"141",1,0,0,0,0,0,0,0,1,0,-1
"142",0,0,0,0,0,0,0,0,0,0,0
"143",0,0,0,0,0,0,0,0,0,0,0
"144",0,0,0,0,0,0,0,0,0,1,1
"145",0,0,1,0,0,0,0,0,0,0,0
"146",0,0,0,0,0,0,0,0,0,0,0
"147",0,0,0,1,2,0,0,0,0,3,3
"148",0,1,0,0,1,0,1,1,0,1,1
"149",0,0,0,0,0,0,0,0,0,0,0
"150",1,1,0,0,2,0,1,1,0,3,3
"151",1,0,0,0,0,0,0,0,1,0,-1
"152",0,1,0,0,0,0,0,1,1,1,0
"153",0,0,0,0,0,0,0,0,0,0,0
"154",0,2,0,1,2,2,0,2,1,3,2
"155",0,0,0,0,0,0,0,0,0,0,0
"156",1,2,0,1,3,0,1,2,0,3,3
"157",0,1,0,0,1,0,1,1,0,4,4
"158",0,0,0,0,0,0,0,0,0,0,0
"159",0,1,0,0,1,0,1,1,0,1,1
"160",0,0,0,0,0,0,0,0,0,0,0
"161",0,1,0,1,1,0,0,2,1,5,4
"162",0,3,0,1,1,0,1,1,0,2,2
"163",0,0,0,0,0,0,0,0,0,0,0
"164",0,0,0,0,0,0,0,0,0,0,0
"165",0,2,0,0,2,0,1,3,0,3,3
"166",0,0,0,0,0,1,0,0,2,1,-1
"167",3,1,1,3,0,4,0,2,4,3,-1
"168",0,0,0,0,0,0,0,0,0,0,0
"169",0,0,0,0,0,0,0,0,0,0,0
"170",1,2,0,1,2,0,1,1,0,2,2
"171",1,0,0,0,0,0,0,0,1,1,0
"172",1,0,1,0,1,1,0,0,2,3,1
"173",0,0,0,0,1,0,0,1,0,2,2
"174",0,0,0,0,0,0,0,0,0,0,0
"175",0,0,0,0,0,0,0,0,0,0,0
"176",0,0,0,0,0,0,0,0,0,0,0
"177",0,2,0,0,1,0,1,2,0,3,3
"178",1,3,0,0,1,0,1,2,1,2,1
"179",0,0,0,0,0,0,0,0,0,0,0
"180",0,0,0,0,0,0,0,0,0,0,0
"181",0,0,0,0,0,0,0,0,0,0,0
"182",0,1,0,0,1,0,1,0,0,1,1
"183",0,0,0,0,1,0,0,0,0,1,1
"184",0,0,0,0,0,0,0,0,0,0,0
"185",0,0,0,0,0,0,0,0,0,1,1
"186",0,1,0,0,0,0,0,0,0,0,0
"187",0,0,0,0,0,0,0,0,0,0,0
"188",0,0,0,0,0,0,0,0,0,0,0
"189",0,1,0,0,1,1,1,1,0,1,1
"190",0,1,0,0,1,0,0,1,1,1,0
"191",1,0,1,1,0,1,0,2,3,1,-2
"192",0,0,0,0,0,0,0,0,0,0,0
"193",0,0,0,0,1,0,0,0,0,1,1
"194",1,1,0,0,1,0,1,1,0,1,1
"195",0,0,0,0,1,0,0,0,0,1,1
"196",0,0,0,1,0,0,0,0,1,0,-1
"197",0,1,0,1,0,1,0,0,1,1,0
"198",1,2,0,0,1,0,1,2,1,2,1
"199",0,0,0,0,0,0,0,0,0,0,0
"200",0,0,0,0,0,0,0,0,0,0,0
"201",0,0,0,0,0,0,0,0,0,0,0
"202",0,0,0,0,0,0,0,0,0,0,0
"203",0,2,0,0,1,0,1,0,0,1,1
"204",1,1,0,0,1,0,1,1,0,1,1
"205",0,2,0,1,1,0,1,1,0,1,1
"206",0,0,0,0,1,0,0,1,0,2,2
"207",0,1,0,0,3,0,1,1,0,3,3
"208",0,1,0,0,1,0,1,2,0,2,2
"209",0,0,1,0,0,0,1,1,0,0,0
"210",0,0,0,0,0,0,0,0,0,0,0
"211",0,0,0,0,0,0,0,0,0,0,0
"212",0,0,0,0,0,0,0,0,0,0,0
"213",0,0,0,0,0,0,0,0,0,0,0
"214",0,1,0,0,2,0,1,0,0,2,2
"215",0,1,0,0,1,0,1,1,0,1,1
"216",0,0,0,0,0,0,0,0,0,0,0
"217",0,0,0,0,0,0,0,0,0,0,0
"218",2,0,1,0,1,1,0,1,2,1,-1
"219",0,0,0,0,0,0,0,0,0,0,0
"220",0,0,0,0,0,0,0,1,0,1,1
"221",1,0,0,1,0,1,0,0,1,0,-1
"222",0,0,0,0,0,0,0,0,0,0,0
"223",0,1,0,1,1,0,0,0,0,1,1
"224",1,3,0,1,2,0,1,5,1,4,3
"225",0,0,0,0,0,0,0,0,0,0,0
"226",0,0,0,0,0,0,0,1,0,1,1
"227",0,0,1,0,0,0,0,0,0,0,0
"228",0,0,0,0,1,0,0,1,0,1,1
"229",1,2,1,1,1,1,0,1,1,1,0
"230",1,1,0,0,1,0,1,1,1,1,0
"231",0,1,0,0,1,0,0,1,0,1,1
"232",1,0,1,1,0,2,0,0,2,1,-1
"233",1,3,1,1,0,1,0,1,3,0,-3
"234",1,0,1,0,0,1,0,0,1,1,0
"235",0,0,0,0,0,0,0,0,0,0,0
"236",0,0,1,0,0,0,0,0,0,0,0
"237",0,2,0,1,3,0,1,1,1,4,3
"238",0,1,0,0,2,0,1,0,0,2,2
"239",1,1,0,0,1,0,1,1,0,1,1
"240",1,0,2,1,0,0,1,1,2,2,0
"241",0,0,0,0,0,0,0,0,0,0,0
"242",0,0,0,0,0,0,0,0,0,0,0
"243",0,1,0,0,0,0,0,0,0,1,1
"244",0,0,0,0,1,0,0,0,0,2,2
"245",0,0,0,0,0,0,0,0,0,0,0
"246",0,0,0,0,0,0,0,0,0,0,0
"247",0,0,0,0,0,0,0,0,0,0,0
"248",1,0,1,1,0,1,0,0,1,0,-1
"249",0,0,0,0,0,0,0,0,0,0,0
"250",1,2,0,0,1,0,0,2,1,2,1
"251",0,0,0,0,0,0,0,1,0,3,3
"252",1,1,0,0,1,0,0,2,1,3,2
"253",0,0,0,0,0,0,0,0,0,0,0
"254",0,4,0,1,3,0,1,2,0,4,4
"255",0,0,0,0,0,0,0,1,0,1,1
"256",0,0,0,0,0,0,0,0,0,1,1
"257",1,2,0,1,2,0,0,3,3,4,1
"258",1,0,1,1,0,0,0,0,1,0,-1
"259",0,0,0,0,0,0,0,0,0,0,0
"260",0,0,0,0,0,0,0,0,0,0,0
"261",0,1,0,0,1,0,1,1,0,1,1
"262",0,0,0,0,1,0,0,0,0,1,1
"263",0,0,0,0,1,1,0,1,2,1,-1
"264",0,0,0,0,1,0,0,1,0,1,1
"265",0,0,0,0,0,0,0,0,0,0,0
"266",1,0,0,0,0,0,0,0,1,0,-1
"267",0,0,0,0,0,0,0,0,0,0,0
"268",1,2,1,2,1,3,0,1,3,2,-1
"269",0,1,0,0,1,0,1,1,0,2,2
"270",0,2,0,0,2,0,1,2,0,2,2
"271",0,0,0,0,0,0,0,0,0,1,1
"272",0,3,0,2,0,0,0,2,1,2,1
"273",0,3,0,0,3,0,1,2,0,3,3
"274",0,1,0,0,2,1,1,1,0,2,2
"275",0,0,0,0,0,0,0,0,0,0,0
"276",0,0,0,0,0,0,0,0,0,0,0
"277",0,0,0,0,1,0,0,1,0,2,2
"278",0,0,0,0,0,0,0,0,0,0,0
"279",0,1,0,0,1,0,1,1,0,1,1
"280",1,1,0,1,0,0,0,0,1,0,-1
"281",0,0,0,0,1,0,0,0,0,1,1
"282",0,1,0,0,0,0,0,0,0,0,0
"283",0,0,0,0,0,0,0,0,0,0,0
"284",0,2,0,0,3,0,2,0,0,3,3
"285",0,0,0,0,0,0,0,0,0,0,0
"286",0,1,0,0,1,0,1,0,0,1,1
"287",0,1,0,0,2,0,0,1,0,2,2
"288",0,0,0,0,0,0,0,0,1,1,0
"289",0,1,0,0,1,0,0,1,0,1,1
"290",0,0,0,0,1,0,0,1,0,1,1
"291",1,3,1,3,2,3,1,2,3,2,-1
"292",0,0,0,0,0,0,0,0,0,0,0
"293",0,0,0,1,0,1,0,0,1,0,-1
"294",0,2,0,0,1,0,1,1,0,2,2
"295",0,0,0,0,0,0,0,0,0,0,0
"296",0,0,0,0,0,0,0,1,0,1,1
"297",1,2,1,1,1,1,1,1,1,2,1
"298",0,0,0,0,0,0,0,0,0,0,0
"299",1,2,0,0,2,0,2,2,0,3,3
"300",1,1,0,1,0,0,0,0,1,0,-1
"301",0,0,0,0,1,0,0,3,1,2,1
"302",0,1,1,1,1,2,0,1,2,2,0
"303",0,0,1,0,0,0,0,0,0,0,0
"304",0,1,0,0,1,0,1,0,0,1,1
"305",0,0,0,0,0,0,0,0,0,0,0
"306",0,1,0,0,0,0,0,1,0,1,1
"307",0,1,0,1,1,0,0,2,0,2,2
"308",0,0,0,0,0,0,0,0,0,0,0
"309",0,4,0,1,1,0,0,2,0,3,3
"310",0,0,0,0,0,0,0,0,0,0,0
"311",0,0,0,0,0,0,0,0,0,0,0
"312",0,0,0,0,1,0,0,1,0,1,1
"313",0,0,0,0,0,0,0,0,0,0,0
"314",0,0,0,0,0,0,0,0,0,0,0
"315",0,0,0,0,1,0,0,1,0,1,1
"316",0,0,0,0,1,0,0,0,0,1,1
"317",0,2,0,0,2,0,1,3,1,3,2
"318",0,1,0,0,1,0,1,1,0,1,1
"319",0,0,0,0,0,0,0,0,0,0,0
"320",0,0,0,0,0,0,0,0,0,0,0
"321",0,0,0,0,0,0,0,0,0,0,0
"322",0,0,0,0,0,0,0,0,0,1,1
"323",0,0,1,0,0,0,0,0,1,0,-1
"324",0,1,0,0,1,0,1,1,0,1,1
"325",1,1,0,0,0,1,0,0,1,1,0
"326",0,0,0,0,0,0,0,0,0,0,0
"327",0,0,0,0,0,0,0,0,0,0,0
"328",0,0,0,0,0,0,0,0,0,0,0
"329",0,0,0,0,0,0,1,0,0,0,0
"330",0,0,1,0,0,0,0,0,0,0,0
"331",0,0,0,0,1,0,0,1,0,1,1
"332",1,1,0,1,0,0,0,0,1,2,1
"333",1,1,0,0,1,0,0,0,1,1,0
"334",1,2,1,1,2,1,2,1,1,2,1
"335",0,0,0,0,0,0,0,0,0,0,0
"336",1,1,2,0,0,1,1,0,3,2,-1
"337",0,0,1,0,0,0,0,0,0,0,0
"338",0,0,0,0,0,0,0,0,0,0,0
"339",0,1,0,1,1,1,0,0,0,1,1
"340",0,0,0,0,1,0,0,0,0,1,1
"341",0,0,0,0,0,0,0,0,0,0,0
"342",0,0,0,0,1,0,0,1,0,1,1
"343",0,1,0,0,0,0,0,0,0,0,0
"344",0,1,0,0,1,0,1,0,0,1,1
"345",0,2,0,1,1,1,0,0,0,1,1
"346",0,0,0,0,0,0,0,0,0,0,0
"347",0,0,0,0,1,0,0,0,0,1,1
"348",0,1,0,0,2,0,1,0,0,2,2
"349",0,1,0,1,1,0,0,0,0,1,1
"350",2,2,1,0,3,1,1,1,2,5,3
"351",0,0,0,0,0,0,0,0,0,1,1
"352",0,0,0,0,0,0,0,0,0,1,1
"353",0,0,0,0,0,0,0,0,0,0,0
"354",0,0,0,0,0,0,0,0,0,0,0
"355",0,2,0,3,0,2,0,0,2,0,-2
"356",0,1,0,1,1,0,0,0,0,2,2
"357",0,0,0,0,0,0,0,0,0,1,1
"358",0,1,0,0,1,0,1,1,0,1,1
"359",0,0,0,0,0,0,0,0,0,1,1
"360",0,1,0,0,1,0,0,1,0,1,1
"361",0,1,0,1,0,0,0,1,0,1,1
"362",1,0,1,1,0,1,0,0,1,0,-1
"363",1,0,0,0,0,0,0,2,1,2,1
"364",0,0,0,0,0,0,0,0,0,0,0
"365",2,0,1,0,0,1,0,0,2,0,-2
"366",0,0,0,0,0,0,0,0,0,0,0
"367",0,1,0,0,1,0,0,2,0,3,3
"368",0,1,0,0,1,0,1,2,0,2,2
"369",1,0,1,2,0,2,0,1,3,2,-1
"370",0,0,0,1,0,1,0,0,1,0,-1
"371",1,0,1,0,1,1,0,0,2,2,0
"372",0,0,0,0,1,0,0,0,0,1,1
"373",0,0,0,0,0,0,0,0,1,0,-1
"374",0,1,0,2,1,0,0,0,0,2,2
"375",0,0,0,0,0,0,0,0,0,0,0
"376",0,2,0,0,2,1,1,1,0,2,2
"377",0,1,0,0,0,0,0,0,0,0,0
"378",0,0,0,0,0,0,0,0,0,0,0
"379",0,0,0,1,0,1,0,0,1,0,-1
"380",0,0,0,0,1,0,0,0,0,1,1
"381",0,0,0,0,0,0,1,0,0,1,1
"382",2,3,2,1,1,1,1,2,2,3,1
"383",0,0,1,0,0,0,0,0,2,1,-1
"384",0,0,0,0,0,0,0,0,0,0,0
"385",0,0,0,0,0,0,0,0,0,0,0
"386",0,0,0,1,0,1,0,0,1,0,-1
"387",0,1,0,0,1,1,1,1,0,1,1
"388",1,3,0,1,2,0,2,2,0,2,2
"389",0,0,0,0,1,0,0,0,0,1,1
"390",0,0,0,0,0,0,0,0,0,0,0
"391",0,0,0,0,0,0,0,0,0,1,1
"392",0,0,0,0,1,0,0,0,0,1,1
"393",0,0,0,0,0,0,0,0,0,0,0
"394",1,2,0,1,0,0,0,0,3,2,-1
"395",0,0,0,0,0,0,0,0,0,0,0
"396",0,0,0,0,0,0,0,0,0,0,0
"397",0,0,0,0,0,0,0,0,0,0,0
"398",0,0,0,0,0,0,0,0,0,0,0
"399",1,2,0,0,1,0,0,3,2,3,1
"400",0,1,0,0,0,0,0,1,0,1,1
"401",0,1,0,0,0,0,0,1,0,2,2
"402",0,1,0,0,1,0,1,1,0,1,1
"403",0,1,0,1,1,0,0,0,0,1,1
"404",0,0,0,0,0,0,0,0,0,0,0
"405",0,1,0,0,1,0,1,1,0,1,1
"406",0,0,0,0,0,0,0,0,0,0,0
"407",0,0,0,0,0,0,0,0,0,0,0
"408",0,0,0,0,0,0,0,0,0,0,0
"409",0,1,0,1,0,0,0,1,1,0,-1
"410",0,3,0,0,2,0,1,2,0,3,3
"411",0,0,0,0,0,0,0,1,0,0,0
"412",1,1,1,0,1,0,1,1,2,1,-1
"413",0,0,0,0,1,0,0,1,0,1,1
"414",0,0,0,0,1,0,0,1,0,2,2
"415",0,0,0,0,0,0,0,1,0,1,1
"416",0,0,0,0,0,0,0,0,0,0,0
"417",0,0,0,0,0,0,0,0,0,0,0
"418",0,5,0,1,4,0,1,4,1,7,6
"419",0,0,0,0,1,0,0,0,0,2,2
"420",1,1,0,0,2,0,1,1,1,2,1
"421",1,0,0,1,0,1,0,2,2,1,-1
"422",0,1,0,0,1,1,0,1,1,1,0
"423",0,1,0,1,0,0,0,0,0,0,0
"424",0,1,0,0,2,0,1,1,0,2,2
"425",0,0,0,0,0,0,0,0,0,0,0
"426",2,2,0,1,0,0,0,1,2,2,0
"427",0,0,0,0,1,0,0,0,0,1,1
"428",1,2,1,2,2,2,1,4,1,5,4
"429",0,0,0,0,0,0,0,0,0,0,0
"430",0,0,0,0,0,0,0,0,0,0,0
"431",1,0,0,0,1,0,0,1,1,1,0
"432",0,1,0,0,1,0,1,1,0,1,1
"433",2,2,2,1,1,1,1,1,4,1,-3
"434",0,0,0,0,0,0,0,0,0,0,0
"435",0,0,0,0,0,0,0,0,0,0,0
"436",0,0,0,0,0,0,0,0,0,0,0
"437",1,3,0,1,1,0,1,2,1,2,1
"438",0,1,0,0,0,0,0,1,0,1,1
"439",1,0,1,0,1,1,0,0,1,2,1
"440",1,2,0,0,2,0,1,2,1,4,3
"441",1,0,1,2,0,2,0,0,2,2,0
"442",0,1,0,1,0,0,0,1,2,1,-1
"443",0,0,0,0,0,0,0,0,0,0,0
"444",0,0,0,0,0,0,0,0,0,0,0
"445",0,1,0,1,1,1,1,1,2,1,-1
"446",0,0,0,0,0,0,0,0,0,0,0
"447",0,0,0,0,0,0,0,0,0,0,0
"448",1,0,0,0,0,0,0,0,2,1,-1
"449",0,0,0,0,0,0,0,0,0,0,0
"450",0,0,0,0,1,0,0,0,0,2,2
"451",0,0,0,0,0,0,0,0,0,0,0
"452",0,0,0,0,0,0,0,0,0,0,0
"453",0,0,0,0,0,0,0,0,0,0,0
"454",0,0,0,0,0,0,0,1,0,1,1
"455",0,1,0,0,1,0,0,1,0,1,1
"456",0,0,0,0,0,0,0,0,0,0,0
"457",0,3,0,0,1,0,0,2,1,3,2
"458",1,1,1,2,0,1,0,1,3,0,-3
"459",1,2,0,1,1,0,1,1,1,1,0
"460",0,0,0,0,0,0,0,0,0,0,0
"461",2,1,1,0,2,0,1,2,2,5,3
"462",2,2,0,2,1,1,0,1,2,1,-1
"463",0,0,0,0,0,0,0,0,0,0,0
"464",1,0,0,0,1,0,0,1,2,1,-1
"465",0,0,0,0,0,0,0,0,0,0,0
"466",0,1,0,0,1,0,0,1,0,1,1
"467",0,0,0,0,0,0,0,0,0,0,0
"468",0,1,0,0,1,0,1,1,0,1,1
"469",0,1,0,1,0,0,0,0,0,0,0
"470",0,0,0,0,0,0,0,0,0,0,0
"471",0,0,0,0,0,0,0,0,0,0,0
"472",0,1,0,0,1,0,0,1,0,1,1
"473",0,0,0,0,0,0,0,0,0,0,0
"474",0,1,0,0,1,1,1,1,0,2,2
"475",0,1,0,0,1,0,1,1,0,1,1
"476",0,0,0,0,0,0,0,0,0,0,0
"477",0,0,0,0,1,0,0,0,0,1,1
"478",1,1,0,1,0,1,0,0,1,0,-1
"479",0,1,0,1,0,0,0,0,0,0,0
"480",0,0,0,0,0,0,0,0,0,0,0
"481",0,0,0,0,0,0,0,0,0,0,0
"482",1,0,1,1,0,0,0,0,1,0,-1
"483",0,1,0,0,1,0,1,1,0,1,1
"484",0,0,0,0,0,0,0,0,0,0,0
"485",0,2,0,0,1,0,1,1,0,2,2
"486",0,0,0,0,1,0,0,1,0,1,1
"487",0,1,0,0,1,0,0,2,0,3,3
"488",0,0,0,0,0,0,0,0,0,0,0
"489",0,0,0,0,0,0,0,0,0,1,1
"490",0,0,0,0,0,0,0,0,0,0,0
"491",0,0,0,0,0,0,0,0,0,0,0
"492",0,0,0,0,1,0,0,0,0,1,1
"493",0,1,0,0,1,0,0,1,0,1,1
"494",0,1,0,0,0,0,0,0,0,0,0
"495",0,1,0,2,0,1,0,1,1,2,1
"496",0,0,0,0,1,0,0,1,0,1,1
"497",0,0,0,0,1,0,0,0,0,1,1
"498",0,0,0,0,0,0,0,0,0,1,1
"499",0,2,0,1,0,0,0,0,0,0,0
"500",0,1,0,0,1,0,0,1,0,1,1
"501",0,0,0,0,0,0,0,0,0,0,0
"502",0,2,0,0,1,0,0,1,0,1,1
"503",0,1,0,0,1,0,1,1,0,1,1
"504",1,0,0,1,0,0,0,0,1,0,-1
"505",0,0,0,0,0,0,0,0,0,0,0
"506",0,1,0,0,0,0,0,2,1,2,1
"507",0,0,0,0,0,0,0,0,0,0,0
"508",0,2,0,1,1,0,1,0,0,2,2
"509",0,0,0,0,0,0,0,0,0,0,0
"510",1,5,0,1,3,0,1,5,1,5,4
"511",0,1,0,1,0,0,0,1,0,1,1
"512",0,0,0,0,1,0,0,1,0,3,3
"513",0,2,0,0,1,0,1,0,0,1,1
"514",0,0,0,0,0,0,0,0,0,0,0
"515",0,0,0,0,0,0,0,0,0,0,0
"516",0,0,0,0,0,0,0,0,0,2,2
"517",1,0,1,1,0,0,0,0,1,0,-1
"518",0,0,0,0,1,0,0,0,0,1,1
"519",1,0,0,0,0,0,0,0,1,0,-1
"520",0,2,0,0,1,0,0,3,2,2,0
"521",0,0,0,0,0,0,0,0,0,0,0
"522",0,0,0,0,0,0,0,0,0,0,0
"523",0,0,0,0,1,0,0,1,0,2,2
"524",0,2,0,1,1,0,0,0,0,2,2
"525",0,0,0,0,1,0,0,0,0,1,1
"526",0,2,0,0,1,0,1,1,0,1,1
"527",0,0,0,0,0,0,0,0,0,0,0
"528",0,0,0,0,0,0,0,0,0,1,1
"529",0,1,0,1,2,0,1,1,0,2,2
"530",1,2,0,0,3,0,2,3,0,3,3
"531",0,0,0,0,0,0,0,0,0,0,0
"532",0,0,0,0,0,0,0,0,0,0,0
"533",0,0,0,0,0,0,0,0,0,0,0
"534",0,1,0,0,0,0,0,1,0,1,1
"535",0,0,0,0,0,0,0,0,0,0,0
"536",0,0,0,0,0,0,0,0,0,0,0
"537",1,2,2,1,1,1,1,0,2,2,0
"538",0,1,0,0,1,0,0,2,0,2,2
"539",0,0,0,0,0,0,0,0,0,0,0
"540",0,0,0,0,0,0,0,0,0,0,0
"541",2,3,0,1,2,0,2,3,1,3,2
"542",1,2,0,1,1,0,1,1,0,2,2
"543",0,0,0,0,0,0,0,0,0,1,1
"544",0,0,0,0,0,0,0,0,0,0,0
"545",0,0,0,0,0,0,0,0,0,0,0
"546",0,0,0,0,0,0,0,0,0,0,0
"547",0,0,0,0,0,0,0,0,0,0,0
"548",0,0,0,0,0,0,0,0,0,0,0
"549",0,0,0,0,0,0,0,0,0,0,0
"550",0,0,1,1,0,1,1,0,1,0,-1
"551",0,0,0,0,0,0,0,0,0,0,0
"552",0,0,0,0,0,0,0,0,0,0,0
"553",0,0,0,0,0,0,0,0,0,1,1
"554",0,1,0,0,2,0,0,1,0,2,2
"555",0,0,0,0,0,0,0,0,0,1,1
"556",0,0,0,0,0,0,0,0,0,0,0
"557",0,1,0,0,1,0,1,1,0,1,1
"558",0,0,1,0,0,0,0,0,0,0,0
"559",0,1,0,0,1,0,1,1,0,1,1
"560",0,0,0,0,1,0,0,1,0,1,1
"561",0,1,0,1,1,0,0,0,0,1,1
"562",0,1,0,0,0,0,0,0,0,1,1
"563",0,1,0,0,1,0,1,1,0,1,1
"564",1,1,0,1,0,1,0,0,2,0,-2
"565",1,3,0,0,3,0,2,2,1,3,2
"566",0,0,0,0,0,0,0,0,0,0,0
"567",0,0,0,0,1,0,0,0,0,1,1
"568",1,3,1,2,2,0,2,3,1,3,2
"569",0,0,0,0,1,0,0,0,0,2,2
"570",0,0,0,0,1,0,0,0,0,1,1
"571",0,1,0,0,1,1,0,1,1,2,1
"572",0,0,0,0,0,0,0,0,0,0,0
"573",1,1,0,0,2,0,1,1,1,3,2
"574",0,4,0,1,2,0,2,2,1,3,2
"575",0,0,0,0,0,0,0,0,0,0,0
"576",0,1,0,0,1,0,1,1,0,1,1
"577",1,4,0,0,2,0,1,2,1,2,1
"578",0,1,0,0,1,0,1,1,0,1,1
"579",0,1,0,0,1,0,1,1,0,1,1
"580",0,0,0,0,0,0,0,0,0,0,0
"581",0,0,0,0,0,0,0,0,0,0,0
"582",0,2,0,0,1,0,0,2,1,3,2
"583",0,0,0,0,0,0,0,0,0,0,0
"584",0,0,0,0,1,0,0,1,0,1,1
"585",0,0,0,0,0,0,0,0,0,0,0
"586",0,0,0,0,0,0,0,0,0,0,0
"587",0,0,0,0,0,0,0,0,0,0,0
"588",0,0,0,0,0,1,0,0,2,0,-2
"589",0,1,0,0,1,0,1,1,0,1,1
"590",0,0,0,0,0,0,0,0,0,0,0
"591",0,1,0,1,1,0,0,0,0,1,1
"592",0,0,0,0,0,0,0,0,0,0,0
"593",0,2,0,1,1,0,1,1,0,1,1
"594",0,0,0,1,0,0,0,1,2,1,-1
"595",0,1,0,0,1,0,0,0,0,1,1
"596",0,1,0,0,1,0,0,1,0,1,1
"597",0,1,0,1,1,0,1,1,0,1,1
"598",0,1,0,0,0,0,0,0,0,0,0
"599",0,0,0,0,0,0,0,0,0,0,0
"600",0,0,0,0,1,0,0,0,0,1,1
"601",1,2,1,0,2,0,2,2,2,3,1
"602",0,3,0,1,1,0,1,1,0,2,2
"603",0,0,0,0,0,0,0,0,0,0,0
"604",0,0,0,0,1,0,0,0,0,1,1
"605",0,0,0,0,0,0,0,0,1,0,-1
"606",0,2,0,1,1,0,0,1,0,1,1
"607",0,0,0,0,0,0,0,0,0,0,0
"608",0,0,0,0,0,0,0,0,0,0,0
"609",0,1,0,0,1,0,0,1,0,1,1
"610",0,2,0,0,1,0,0,4,0,6,6
"611",0,0,0,0,1,0,0,0,0,1,1
"612",0,0,0,0,0,0,0,1,0,2,2
"613",0,0,0,0,1,0,0,0,0,1,1
"614",1,1,0,0,2,0,1,2,0,4,4
"615",0,1,0,0,2,0,0,1,0,2,2
"616",0,0,0,0,0,0,0,0,0,0,0
"617",0,1,0,0,1,0,0,1,0,1,1
"618",0,0,0,0,0,0,0,0,0,0,0
"619",1,1,0,0,1,1,1,1,3,3,0
"620",0,0,0,0,0,0,0,0,0,1,1
"621",0,0,0,0,0,0,0,0,0,0,0
"622",0,0,0,0,0,0,0,0,0,0,0
"623",1,2,2,0,0,1,0,0,2,1,-1
"624",0,1,0,0,0,0,0,1,1,0,-1
"625",0,0,0,0,0,0,0,0,0,0,0
"626",0,0,1,1,0,0,0,1,2,1,-1
"627",0,0,0,0,0,0,0,0,0,0,0
"628",0,0,0,0,0,0,0,0,0,0,0
"629",0,1,0,0,1,0,1,2,0,2,2
"630",0,0,0,0,0,0,0,0,0,0,0
"631",0,1,0,1,0,0,1,1,1,2,1
"632",1,1,0,0,1,0,1,1,1,2,1
"633",0,0,0,0,1,0,0,0,0,1,1
"634",0,0,0,0,0,0,0,0,0,0,0
"635",0,0,0,1,1,0,0,0,1,1,0
"636",0,0,0,0,0,0,0,0,0,0,0
"637",0,1,0,0,0,0,0,0,0,1,1
"638",0,0,0,0,0,0,0,0,0,0,0
"639",0,0,0,0,0,0,0,0,0,0,0
"640",1,1,0,1,1,0,0,1,1,2,1
"641",0,0,0,0,0,0,0,0,0,0,0
"642",1,1,0,1,0,0,0,0,1,0,-1
"643",0,0,0,0,0,0,0,0,0,0,0
"644",0,3,1,1,3,0,1,1,0,5,5
"645",0,0,0,0,1,0,0,0,0,1,1
"646",0,0,0,0,0,0,0,0,0,0,0
"647",0,0,1,0,0,0,0,0,0,0,0
"648",1,3,0,0,3,0,1,3,1,3,2
"649",0,0,0,0,0,0,0,0,0,0,0
"650",0,0,0,0,0,1,0,0,1,0,-1
"651",1,0,0,0,0,0,0,2,2,1,-1
"652",0,1,0,0,1,0,1,1,0,1,1
"653",0,0,0,1,0,1,0,1,1,1,0
"654",0,0,0,0,0,0,0,0,0,0,0
"655",1,1,0,1,1,1,0,1,1,3,2
"656",1,2,0,2,1,1,0,1,2,3,1
"657",0,0,0,0,1,0,0,1,1,1,0
"658",1,1,0,1,2,1,1,1,2,2,0
"659",0,0,0,0,0,0,0,0,0,0,0
"660",0,0,0,0,0,0,0,0,0,0,0
"661",0,1,0,0,1,1,0,2,0,2,2
"662",0,1,1,1,1,1,1,1,1,1,0
"663",0,2,0,2,2,2,0,3,2,5,3
"664",0,0,0,0,1,0,0,0,0,1,1
"665",2,2,1,1,1,1,1,1,1,1,0
"666",0,2,0,0,1,0,0,0,0,2,2
"667",0,0,0,0,0,0,0,0,0,0,0
"668",3,0,1,0,0,1,0,0,4,0,-4
"669",0,0,0,0,0,0,0,0,0,0,0
"670",0,0,0,0,0,0,0,0,0,0,0
"671",0,0,0,0,0,0,0,0,0,0,0
"672",0,0,0,0,0,0,0,0,0,0,0
"673",0,1,0,0,0,0,0,1,0,1,1
"674",0,0,0,0,1,0,0,2,0,4,4
"675",0,1,0,0,1,1,1,1,0,1,1
"676",1,1,0,0,1,0,1,1,1,1,0
"677",0,1,0,0,1,0,1,0,0,1,1
"678",1,1,0,1,1,0,0,0,1,1,0
"679",1,1,0,0,1,0,0,1,1,1,0
"680",0,0,0,0,0,0,0,0,0,0,0
"681",1,1,0,0,0,0,1,1,1,1,0
"682",0,1,0,0,1,0,1,1,0,1,1
"683",0,0,0,0,0,0,0,0,0,0,0
"684",0,0,0,0,0,0,0,0,0,0,0
"685",0,1,0,0,1,0,0,1,0,1,1
"686",0,1,0,0,0,0,0,0,0,0,0
"687",1,2,1,1,0,1,0,0,2,0,-2
"688",0,0,0,0,0,0,0,1,0,1,1
"689",1,3,2,1,1,1,1,0,2,2,0
"690",0,0,0,0,0,0,0,0,0,0,0
"691",0,0,0,0,0,0,0,0,0,0,0
"692",0,0,0,0,0,0,0,0,0,0,0
"693",1,2,1,2,1,2,1,2,3,4,1
"694",0,0,0,0,0,0,0,0,0,1,1
"695",0,2,0,1,1,0,1,1,0,1,1
"696",0,0,0,0,0,0,0,0,0,0,0
"697",0,2,0,0,1,0,1,1,0,1,1
"698",2,2,1,3,0,2,0,0,3,0,-3
"699",1,1,1,0,1,0,0,0,1,1,0
"700",0,0,0,0,0,0,0,0,0,0,0
"701",0,0,0,0,0,0,0,0,0,0,0
"702",0,0,0,0,0,0,0,0,1,0,-1
"703",0,0,0,0,0,0,0,0,0,0,0
"704",0,0,0,0,0,0,0,0,0,0,0
"705",0,0,0,1,0,1,0,0,1,0,-1
"706",0,0,0,0,0,0,0,0,0,0,0
"707",0,0,0,0,1,0,0,0,0,1,1
"708",1,1,0,0,1,0,0,2,1,2,1
"709",0,1,0,0,1,0,1,1,0,2,2
"710",0,1,0,0,0,0,0,1,0,1,1
"711",0,1,0,0,1,0,1,1,0,1,1
"712",0,1,0,1,1,0,0,0,0,1,1
"713",0,4,0,1,3,0,2,2,1,3,2
"714",0,0,0,0,0,0,0,0,0,0,0
"715",0,1,0,0,1,0,0,1,0,1,1
"716",1,2,1,2,1,1,0,1,1,1,0
"717",0,0,0,0,0,0,0,0,0,0,0
"718",0,0,0,0,0,0,0,0,0,0,0
"719",1,0,0,0,0,0,0,0,1,0,-1
"720",0,1,0,0,2,0,1,2,0,2,2
"721",0,0,0,0,0,0,0,0,0,0,0
"722",0,0,0,0,1,0,0,0,0,1,1
"723",1,3,0,1,1,0,1,1,1,4,3
"724",0,1,0,0,2,0,0,2,0,2,2
"725",0,1,0,1,0,0,0,1,0,1,1
"726",0,1,0,0,1,0,1,1,0,1,1
"727",0,1,0,0,1,1,1,1,0,1,1
"728",0,1,0,0,1,0,1,1,0,1,1
"729",0,0,0,0,0,0,0,0,0,0,0
"730",0,0,0,0,0,0,0,0,0,0,0
"731",0,0,0,0,0,0,0,0,0,0,0
"732",0,0,0,0,1,0,0,0,0,1,1
"733",0,0,0,0,0,0,0,1,0,1,1
"734",0,1,0,0,1,1,0,1,1,3,2
"735",0,0,0,0,0,0,0,0,0,0,0
"736",2,2,1,2,1,0,1,1,1,3,2
"737",0,1,1,0,0,0,0,1,2,1,-1
"738",0,0,0,0,0,0,0,0,0,0,0
"739",0,1,0,1,1,0,0,0,0,1,1
"740",0,0,0,0,1,0,0,0,0,1,1
"741",0,1,1,0,2,1,1,1,0,4,4
"742",0,4,0,1,3,0,1,3,0,3,3
"743",0,1,0,1,0,0,0,0,0,0,0
"744",0,1,0,0,1,0,0,1,0,1,1
"745",0,1,0,0,1,0,1,1,0,1,1
"746",1,2,0,0,1,0,1,1,1,2,1
"747",1,0,0,0,1,0,0,0,1,2,1
"748",0,1,1,0,1,1,0,1,2,1,-1
"749",0,0,0,0,0,0,0,0,0,0,0
"750",1,2,0,0,2,0,1,2,1,2,1
"751",0,0,0,0,0,0,0,1,0,1,1
"752",0,2,0,1,1,1,1,1,0,1,1
"753",1,1,0,0,2,0,0,1,1,2,1
"754",0,1,0,0,1,0,0,1,0,1,1
"755",0,0,1,0,0,0,0,0,0,0,0
"756",0,1,0,0,1,0,1,1,0,1,1
"757",0,0,0,0,1,0,0,0,0,1,1
"758",0,0,0,0,0,0,0,0,0,0,0
"759",0,0,0,0,0,0,0,0,0,0,0
"760",0,1,0,0,2,0,1,1,0,2,2
"761",0,0,0,0,0,0,0,0,0,1,1
"762",0,0,0,1,0,0,0,0,1,0,-1
"763",1,2,1,1,1,1,2,1,1,1,0
"764",0,0,0,0,0,0,0,0,0,1,1
"765",0,0,0,0,0,0,0,0,0,0,0
"766",0,3,0,0,2,1,1,2,1,2,1
"767",0,0,0,0,0,0,0,0,0,1,1
"768",0,0,0,0,0,0,0,0,0,0,0
"769",0,1,0,0,1,0,1,1,0,1,1
"770",0,0,0,0,0,0,0,0,0,0,0
"771",1,0,0,0,0,0,0,0,1,0,-1
"772",0,1,0,0,3,0,0,1,1,5,4
"773",0,0,0,0,0,0,0,0,0,0,0
"774",0,1,0,0,0,0,0,1,0,0,0
"775",0,0,0,0,0,0,0,0,0,0,0
"776",0,1,0,0,1,0,0,1,0,1,1
"777",0,1,0,1,0,1,0,1,1,1,0
"778",0,0,0,1,1,1,0,2,1,2,1
"779",0,0,0,0,1,1,0,0,1,1,0
"780",0,1,0,0,2,0,1,1,0,2,2
"781",0,1,0,0,0,0,0,0,0,2,2
"782",0,1,0,0,1,0,0,1,0,1,1
"783",0,0,0,0,0,0,0,0,0,0,0
"784",0,1,0,0,0,0,0,1,0,1,1
"785",0,1,0,1,0,0,0,1,1,1,0
"786",1,4,0,1,3,0,2,3,0,4,4
"787",1,1,0,0,1,0,1,1,0,2,2
"788",0,1,0,0,1,0,1,1,0,2,2
"789",0,1,0,0,0,0,0,0,0,0,0
"790",0,2,0,1,0,0,0,1,1,3,2
"791",0,1,0,0,1,0,0,1,0,1,1
"792",0,0,0,0,0,0,0,0,0,1,1
"793",0,0,0,0,1,0,0,1,0,1,1
"794",0,3,0,1,1,0,1,1,0,1,1
"795",0,0,0,0,2,0,0,1,0,2,2
"796",0,1,0,0,1,0,1,1,0,1,1
"797",0,0,0,0,0,0,0,1,0,1,1
"798",0,0,0,0,1,0,0,0,0,1,1
"799",0,2,0,1,0,0,0,0,0,1,1
"800",0,0,0,0,0,0,0,0,0,0,0
"801",0,1,0,0,0,0,0,0,0,1,1
"802",0,0,0,0,0,0,0,0,0,0,0
"803",0,0,0,0,0,1,0,0,1,0,-1
"804",1,2,0,0,1,0,1,1,1,1,0
"805",0,0,0,0,0,0,0,0,0,0,0
"806",0,0,0,0,0,0,0,1,0,1,1
"807",0,3,0,0,3,0,1,3,0,4,4
"808",0,0,0,0,0,0,0,0,0,0,0
"809",1,2,0,2,1,1,0,3,3,1,-2
"810",0,2,0,0,2,1,1,2,1,4,3
"811",0,0,1,0,0,0,0,0,0,0,0
"812",0,0,0,0,0,0,0,0,0,0,0
"813",0,0,0,0,0,0,0,0,0,0,0
"814",0,0,0,0,0,0,0,0,0,0,0
"815",0,0,0,0,1,0,0,1,0,3,3
"816",0,0,0,0,0,0,0,0,0,0,0
"817",1,1,0,0,1,0,1,1,0,1,1
"818",1,1,0,0,1,0,1,0,1,1,0
"819",0,1,0,1,1,0,0,0,0,1,1
"820",0,0,0,0,0,0,0,1,1,0,-1
"821",0,0,0,0,0,0,0,0,0,0,0
"822",0,0,0,0,0,0,0,0,0,1,1
"823",0,0,1,1,0,1,0,0,2,0,-2
"824",0,2,0,1,1,0,1,1,0,1,1
"825",0,0,0,0,0,0,0,0,0,0,0
"826",0,0,0,0,1,0,0,0,0,1,1
"827",0,0,0,0,0,0,0,0,0,0,0
"828",1,0,0,0,0,0,0,1,1,1,0
"829",0,0,0,0,0,0,0,0,0,0,0
"830",0,1,0,0,1,1,1,2,0,2,2
"831",0,0,0,0,0,0,0,1,1,1,0
"832",0,1,0,0,0,0,0,0,0,0,0
"833",0,0,0,0,0,0,0,0,0,0,0
"834",0,1,0,0,0,0,0,1,0,1,1
"835",0,0,0,0,0,0,0,0,0,0,0
"836",1,1,1,1,1,1,1,1,1,1,0
"837",0,0,0,0,0,0,0,0,0,0,0
"838",0,0,0,0,0,0,0,0,0,0,0
"839",0,0,0,0,0,0,0,0,0,0,0
"840",0,0,0,0,0,0,0,0,0,0,0
"841",0,1,0,0,1,0,0,1,0,1,1
"842",0,0,0,0,0,0,0,0,0,0,0
"843",0,2,0,1,1,0,1,1,0,2,2
"844",0,0,0,0,0,0,0,0,0,1,1
"845",0,0,0,0,0,0,0,0,0,0,0
"846",0,1,0,0,2,0,0,1,0,2,2
"847",1,0,1,0,0,1,0,0,1,0,-1
"848",0,3,0,1,2,0,0,1,0,3,3
"849",0,0,0,0,0,0,0,0,0,1,1
"850",0,0,0,0,0,0,0,0,0,0,0
"851",0,0,0,0,0,0,0,0,0,0,0
"852",0,1,0,1,0,0,0,0,1,0,-1
"853",0,1,0,0,0,0,0,0,0,0,0
"854",0,0,0,0,0,1,0,0,1,2,1
"855",0,0,0,0,0,0,0,0,0,0,0
"856",0,1,0,0,1,0,1,1,0,1,1
"857",0,0,0,0,0,0,0,0,0,0,0
"858",0,1,0,0,1,0,1,1,0,1,1
"859",0,2,0,1,1,0,1,1,0,1,1
"860",1,1,0,0,1,0,0,1,1,2,1
"861",0,0,0,0,0,0,0,0,0,0,0
"862",0,0,0,0,1,0,0,1,0,1,1
"863",0,1,0,1,0,0,0,0,0,0,0
"864",0,2,0,0,3,0,1,2,0,3,3
"865",0,0,0,0,0,0,0,0,0,0,0
"866",1,0,1,1,1,1,1,2,3,2,-1
"867",0,0,0,0,0,0,0,0,0,0,0
"868",1,1,0,0,2,0,1,2,0,3,3
"869",0,0,0,0,0,0,0,0,0,0,0
"870",0,0,0,0,0,0,0,0,0,0,0
"871",0,0,0,0,0,0,0,0,0,0,0
"872",0,0,0,0,0,0,0,0,0,0,0
"873",2,1,1,0,1,1,1,1,1,2,1
"874",0,2,0,0,1,0,0,2,0,4,4
"875",0,0,1,0,1,0,0,1,1,3,2
"876",0,1,0,0,2,0,0,2,0,2,2
"877",0,0,0,0,0,0,0,0,0,0,0
"878",0,1,0,0,1,0,0,1,0,1,1
"879",0,0,0,0,0,0,0,0,1,1,0
"880",0,1,0,1,0,0,0,1,0,1,1
"881",0,1,0,0,1,0,1,1,0,1,1
"882",0,0,0,0,0,0,0,0,0,0,0
"883",1,1,0,1,0,0,0,0,1,0,-1
"884",0,0,0,0,1,0,0,0,0,1,1
"885",0,1,0,0,0,0,0,0,0,0,0
"886",0,0,0,0,0,0,0,0,0,0,0
"887",0,0,0,0,0,0,0,0,0,0,0
"888",0,0,0,0,0,0,0,0,0,0,0
"889",0,1,0,1,1,0,0,0,0,1,1
"890",3,1,0,0,2,0,2,1,2,6,4
"891",0,0,0,0,0,1,0,0,1,0,-1
"892",0,1,0,0,0,0,0,2,0,0,0
"893",0,1,0,0,1,0,1,1,0,1,1
"894",0,1,0,0,0,0,0,1,0,1,1
"895",0,0,0,0,0,0,0,0,1,1,0
"896",0,0,0,0,0,0,0,0,0,0,0
"897",0,1,0,0,1,0,0,1,0,1,1
"898",0,0,0,0,0,0,0,0,0,0,0
"899",0,0,0,0,0,0,0,0,0,1,1
"900",0,3,0,0,1,0,0,1,0,1,1
"901",1,1,1,0,1,1,0,2,1,2,1
"902",0,0,1,1,0,1,0,0,2,0,-2
"903",0,3,0,1,2,0,1,1,0,2,2
"904",0,0,0,0,0,0,0,0,0,0,0
"905",0,0,0,0,0,0,0,0,0,1,1
"906",1,1,0,0,0,0,0,0,1,1,0
"907",0,0,0,0,1,0,0,0,0,1,1
"908",0,0,0,0,0,0,0,0,0,0,0
"909",0,0,0,0,0,0,0,0,0,0,0
"910",0,1,0,1,0,0,0,0,0,0,0
"911",0,0,0,0,0,0,0,0,0,1,1
"912",0,0,0,0,0,0,0,0,0,0,0
"913",0,0,0,0,0,0,0,0,0,0,0
"914",0,0,0,0,1,0,0,0,0,1,1
"915",0,0,1,1,0,1,1,0,1,0,-1
"916",0,0,0,0,0,0,0,0,0,1,1
"917",0,1,0,1,0,0,0,0,0,0,0
"918",1,0,0,0,0,0,0,0,1,1,0
"919",0,2,0,0,1,0,0,1,0,1,1
"920",0,0,0,0,0,0,0,1,0,1,1
"921",0,0,0,0,0,0,0,0,0,0,0
"922",0,1,0,0,3,0,0,2,0,4,4
"923",0,0,0,0,0,0,0,0,0,0,0
"924",0,1,0,0,0,0,0,0,0,0,0
"925",0,0,0,0,1,0,0,0,0,1,1
"926",0,0,0,0,0,0,0,0,0,3,3
"927",0,0,0,0,0,0,0,0,0,0,0
"928",0,1,0,0,1,1,0,2,1,3,2
"929",2,0,0,0,1,2,0,0,3,1,-2
"930",0,0,0,0,0,0,0,0,0,0,0
"931",0,0,0,0,0,0,0,0,0,0,0
"932",0,1,0,1,1,0,0,1,1,1,0
"933",2,5,1,2,4,1,2,4,2,5,3
"934",0,1,0,0,2,0,0,1,0,2,2
"935",0,0,0,0,1,0,0,0,0,1,1
"936",0,1,1,0,1,0,0,1,1,2,1
"937",0,0,0,0,0,0,0,0,0,0,0
"938",0,0,0,0,0,0,0,0,0,0,0
"939",0,0,0,0,0,0,0,1,1,0,-1
"940",0,1,0,0,1,0,0,1,0,1,1
"941",0,1,0,1,0,0,0,0,1,0,-1
"942",0,0,0,0,0,0,0,0,0,0,0
"943",1,1,0,0,1,0,1,2,1,2,1
"944",0,0,0,0,1,1,0,0,1,2,1
"945",1,1,1,0,0,2,1,3,5,5,0
"946",0,1,0,0,1,0,1,1,0,1,1
"947",0,0,0,0,0,0,0,0,0,0,0
"948",0,2,0,1,2,0,0,1,0,2,2
"949",0,0,0,0,0,0,0,0,1,0,-1
"950",0,1,0,0,1,0,1,1,0,2,2
"951",0,0,0,0,0,0,0,0,0,0,0
"952",1,1,0,1,0,1,0,0,2,0,-2
"953",0,0,0,0,0,0,0,0,0,0,0
"954",1,1,0,0,1,0,1,0,1,1,0
"955",0,1,0,0,0,0,0,0,0,0,0
"956",0,1,0,1,0,0,0,0,0,0,0
"957",0,1,0,0,1,0,0,1,0,1,1
"958",0,0,0,0,0,0,0,0,0,0,0
"959",0,1,0,0,1,0,0,1,0,1,1
"960",0,1,0,0,1,0,1,1,0,1,1
"961",0,0,0,0,1,0,0,0,0,1,1
"962",0,1,0,0,1,0,1,1,0,1,1
"963",0,1,0,0,0,0,0,1,0,1,1
"964",0,1,0,1,1,0,0,0,0,1,1
"965",0,0,0,0,0,0,0,0,0,0,0
"966",1,2,0,1,1,0,1,1,1,1,0
"967",0,1,0,1,0,0,0,0,0,0,0
"968",0,0,0,0,0,0,0,0,0,0,0
"969",0,0,0,0,0,0,0,1,0,1,1
"970",0,0,0,0,0,0,0,0,0,0,0
"971",0,3,0,1,2,0,0,3,0,3,3
"972",0,0,0,0,1,0,0,1,1,1,0
"973",0,0,0,0,1,0,0,0,0,1,1
"974",0,0,0,0,0,0,0,0,0,0,0
"975",1,2,1,0,1,1,1,2,1,5,4
"976",0,0,0,0,0,0,0,0,0,0,0
"977",1,0,0,0,1,1,0,0,1,1,0
"978",1,0,1,1,0,1,0,0,1,0,-1
"979",1,0,0,1,1,2,0,1,2,3,1
"980",0,0,0,0,0,0,0,0,0,0,0
"981",1,1,1,2,1,2,0,0,3,1,-2
"982",0,0,0,0,0,0,0,0,0,0,0
"983",0,3,0,0,3,1,2,3,0,3,3
"984",0,1,0,0,1,0,1,0,0,1,1
"985",0,0,0,0,0,0,0,0,0,0,0
"986",0,0,0,0,0,0,0,0,0,0,0
"987",0,2,0,0,1,0,0,1,0,1,1
"988",0,0,0,0,0,0,0,0,0,0,0
"989",0,0,0,0,0,0,0,1,0,1,1
"990",0,0,0,0,0,0,0,1,1,1,0
"991",0,0,0,0,0,0,0,0,0,0,0
"992",1,1,0,0,1,0,1,1,1,1,0
"993",0,0,0,0,0,0,0,0,0,0,0
"994",1,0,0,0,0,0,0,0,1,0,-1
"995",0,0,0,0,0,0,0,0,0,0,0
"996",0,0,0,0,0,0,0,0,0,0,0
"997",0,0,0,0,0,0,0,0,0,0,0
"998",0,0,0,0,0,0,0,0,0,1,1
"999",0,0,0,0,0,0,0,0,0,0,0
"1000",1,0,0,1,1,1,0,0,1,1,0
"1001",0,0,0,0,1,0,0,0,0,1,1
"1002",0,0,0,0,0,0,0,0,0,0,0
"1003",0,0,0,0,1,0,0,0,0,1,1
"1004",0,0,0,0,0,0,0,0,0,0,0
"1005",0,1,0,0,0,0,0,1,1,0,-1
"1006",0,0,0,0,0,0,0,0,0,0,0
"1007",1,3,2,4,1,2,0,0,3,2,-1
"1008",0,0,0,0,1,1,0,0,0,2,2
"1009",0,0,0,0,0,0,0,0,0,0,0
"1010",0,3,0,1,2,0,0,2,0,2,2
"1011",0,1,0,2,0,2,0,0,2,0,-2
"1012",0,4,0,0,4,0,2,1,0,5,5
"1013",0,1,0,0,2,0,1,2,1,2,1
"1014",0,1,0,0,1,1,1,0,0,1,1
"1015",1,1,0,0,1,0,1,1,1,1,0
"1016",1,1,0,0,1,0,1,1,1,1,0
"1017",0,1,0,0,2,0,0,4,1,5,4
"1018",0,2,0,0,2,0,1,2,0,2,2
"1019",0,0,1,0,0,0,0,0,1,0,-1
"1020",1,0,0,0,0,0,0,0,1,0,-1
"1021",1,1,1,1,1,1,2,1,1,1,0
"1022",1,2,0,0,2,0,2,1,1,2,1
"1023",0,0,0,0,0,0,0,1,1,0,-1
"1024",0,1,0,1,0,0,0,0,0,0,0
"1025",0,0,0,0,2,0,0,0,0,2,2
"1026",0,0,0,0,0,0,0,0,0,0,0
"1027",1,2,0,0,1,1,1,1,1,1,0
"1028",0,0,0,0,0,0,0,0,0,0,0
"1029",0,0,0,0,0,0,0,0,0,0,0
"1030",0,0,0,0,0,0,1,0,0,0,0
"1031",0,1,0,0,1,0,0,1,0,1,1
"1032",0,2,0,0,4,0,2,3,0,6,6
"1033",0,1,0,0,1,0,1,1,0,1,1
"1034",0,0,0,0,0,0,0,0,0,0,0
"1035",1,1,0,0,2,0,1,2,1,2,1
"1036",0,1,0,1,1,0,0,1,0,2,2
"1037",0,2,0,0,2,0,1,1,0,2,2
"1038",1,1,1,0,1,1,0,1,1,1,0
"1039",0,3,1,3,1,3,1,1,3,1,-2
"1040",0,2,0,1,1,1,1,1,1,1,0
"1041",0,0,0,0,0,0,0,0,0,0,0
"1042",1,2,0,0,2,0,1,1,1,2,1
"1043",0,1,0,1,0,0,0,0,0,1,1
"1044",0,0,0,0,0,0,0,0,0,0,0
"1045",0,0,0,0,0,0,0,0,0,0,0
"1046",0,0,0,0,0,0,0,0,0,0,0
"1047",1,0,1,1,0,0,0,0,2,1,-1
"1048",0,1,0,0,1,0,1,1,0,1,1
"1049",0,2,0,0,2,0,1,5,0,4,4
"1050",0,0,0,0,0,0,0,0,0,0,0
"1051",0,0,0,0,0,0,0,0,0,0,0
"1052",0,0,0,0,0,0,0,0,0,0,0
"1053",0,0,0,0,0,0,1,0,0,0,0
"1054",0,0,0,0,0,0,0,0,0,0,0
"1055",0,0,0,0,1,0,0,2,1,1,0
"1056",0,0,0,0,0,0,0,0,0,1,1
"1057",0,0,0,0,0,0,0,0,0,0,0
"1058",1,2,0,1,1,0,1,1,0,2,2
"1059",0,0,0,0,0,0,0,0,0,0,0
"1060",0,0,0,0,0,0,0,0,0,0,0
"1061",0,2,0,1,1,0,1,1,0,1,1
"1062",0,1,0,0,1,0,1,1,0,1,1
"1063",0,0,0,0,1,0,0,0,0,1,1
"1064",0,0,0,0,0,0,0,0,0,0,0
"1065",0,0,0,0,0,0,0,0,0,0,0
"1066",1,2,0,1,0,0,0,0,1,0,-1
"1067",0,0,1,0,0,0,0,0,1,0,-1
"1068",0,0,0,0,0,0,0,0,0,0,0
"1069",0,0,0,0,0,0,0,0,0,0,0
"1070",0,0,0,0,0,0,0,0,0,0,0
"1071",1,1,0,0,1,0,0,1,1,1,0
"1072",0,0,0,0,0,0,0,0,0,0,0
"1073",0,1,0,0,1,0,1,1,0,1,1
"1074",0,1,0,0,0,0,0,1,0,1,1
"1075",0,0,0,0,0,0,0,0,0,0,0
"1076",0,0,0,0,1,1,0,2,2,2,0
"1077",1,0,0,0,0,0,0,0,1,0,-1
"1078",0,0,0,0,1,0,0,0,0,1,1
"1079",0,0,0,0,1,0,0,1,0,1,1
"1080",1,0,0,0,0,0,0,0,2,0,-2
"1081",0,0,0,0,1,0,0,0,0,1,1
"1082",0,0,1,0,0,0,0,0,1,0,-1
"1083",0,0,0,0,0,0,0,1,0,2,2
"1084",0,0,1,0,0,0,0,0,0,1,1
"1085",0,0,0,0,0,0,0,0,0,0,0
"1086",1,2,0,1,1,0,1,1,0,1,1
"1087",0,3,0,0,2,0,2,1,0,2,2
"1088",0,0,0,0,1,0,0,2,0,2,2
"1089",0,0,0,0,1,0,0,1,0,1,1
"1090",0,0,0,0,0,0,0,0,0,0,0
"1091",0,1,0,0,0,0,0,0,0,1,1
"1092",0,1,0,1,0,1,0,0,1,0,-1
"1093",1,2,0,1,1,0,1,1,0,1,1
"1094",0,1,0,0,2,0,1,0,0,2,2
"1095",0,0,0,0,0,0,0,0,0,1,1
"1096",0,1,0,0,1,0,1,1,0,1,1
"1097",2,0,0,0,0,1,0,0,2,0,-2
"1098",0,0,0,0,1,0,0,0,0,1,1
"1099",0,0,0,0,0,0,0,0,0,0,0
"1100",0,0,0,0,0,0,0,0,0,0,0
"1101",0,0,0,0,1,0,0,1,0,1,1
"1102",1,1,0,1,1,1,1,1,2,2,0
"1103",0,0,0,0,0,0,0,0,0,0,0
"1104",0,1,0,1,0,0,0,0,0,0,0
"1105",1,1,0,0,0,0,0,0,1,0,-1
"1106",0,1,0,1,1,0,0,0,0,1,1
"1107",0,0,0,0,1,0,0,0,0,1,1
"1108",0,0,0,0,0,0,0,1,0,1,1
"1109",0,0,0,0,0,0,0,0,0,0,0
"1110",0,0,0,0,0,0,0,0,0,0,0
"1111",0,0,0,0,1,0,0,1,0,2,2
"1112",0,2,0,1,1,0,1,1,0,1,1
"1113",0,1,0,0,1,0,1,0,0,1,1
"1114",0,1,0,0,0,0,0,0,1,0,-1
"1115",0,0,0,0,0,0,0,0,0,0,0
"1116",1,0,0,0,0,0,0,2,1,2,1
"1117",2,2,2,1,1,3,0,1,6,2,-4
"1118",0,0,0,0,0,0,0,0,0,0,0
"1119",0,1,0,0,1,0,1,1,0,1,1
"1120",0,0,0,0,0,0,0,0,0,0,0
"1121",0,0,0,0,1,0,0,0,0,2,2
"1122",1,1,0,0,1,0,1,1,1,1,0
"1123",0,0,0,0,0,0,0,0,0,0,0
"1124",1,0,0,2,0,2,0,0,3,1,-2
"1125",0,0,0,0,0,0,0,0,0,0,0
"1126",0,0,0,0,0,0,0,0,0,0,0
"1127",0,0,0,0,0,0,0,0,0,0,0
"1128",1,1,0,0,1,0,1,1,0,1,1
"1129",0,0,0,0,0,0,0,0,0,0,0
"1130",0,0,0,0,0,0,0,0,0,0,0
"1131",0,0,0,0,0,0,0,0,0,0,0
"1132",0,1,0,0,0,0,0,0,0,0,0
"1133",1,2,0,0,4,0,1,3,1,6,5
"1134",0,1,0,1,1,0,1,0,0,1,1
"1135",0,1,0,0,1,0,1,1,0,1,1
"1136",0,0,0,0,0,0,0,1,0,1,1
"1137",0,0,0,0,0,0,0,0,0,0,0
"1138",0,0,0,0,0,0,0,1,0,0,0
"1139",0,0,0,0,0,0,0,0,0,0,0
"1140",0,0,0,0,0,0,0,0,1,0,-1
"1141",0,0,0,0,0,0,0,0,0,1,1
"1142",0,0,0,0,0,0,0,0,0,0,0
"1143",0,1,0,0,1,0,0,1,0,1,1
"1144",0,1,0,0,0,0,0,1,0,1,1
"1145",0,1,2,1,0,0,0,0,3,0,-3
"1146",1,2,0,1,0,0,0,0,1,0,-1
"1147",0,1,0,0,0,0,0,1,0,1,1
"1148",0,1,0,0,1,0,1,0,0,1,1
"1149",1,0,0,1,0,2,0,0,2,0,-2
"1150",0,1,0,1,2,0,0,1,0,2,2
"1151",1,1,0,0,1,0,1,1,0,1,1
"1152",1,1,1,1,0,1,0,0,1,1,0
"1153",1,0,1,0,0,1,0,1,1,3,2
"1154",1,1,0,2,0,1,0,1,1,1,0
"1155",1,0,1,0,0,1,0,0,1,0,-1
"1156",0,1,0,1,0,0,0,0,0,0,0
"1157",0,1,0,0,2,0,0,1,0,2,2
"1158",1,4,0,0,3,0,3,4,0,5,5
"1159",0,0,0,0,0,0,0,0,0,0,0
"1160",0,0,0,0,1,0,0,0,0,1,1
"1161",1,3,0,1,3,1,2,3,1,4,3
"1162",0,1,0,2,0,0,1,2,2,3,1
"1163",0,0,0,0,1,0,0,0,0,1,1
"1164",0,0,0,1,0,0,0,0,0,0,0
"1165",0,0,0,0,0,0,0,0,0,0,0
"1166",0,1,0,0,2,0,0,1,0,2,2
"1167",0,0,0,0,0,0,0,0,0,0,0
"1168",0,2,0,0,2,0,1,0,0,2,2
"1169",0,1,0,0,2,0,0,1,1,2,1
"1170",0,1,0,0,1,0,1,1,0,1,1
"1171",0,0,0,0,0,0,0,0,0,0,0
"1172",0,1,0,0,0,0,0,0,0,0,0
"1173",0,0,0,0,1,0,0,0,0,1,1
"1174",0,0,0,0,0,0,0,1,1,0,-1
"1175",0,2,0,1,0,0,1,1,0,1,1
"1176",0,1,0,1,0,0,0,1,0,1,1
"1177",0,1,0,0,1,0,0,1,0,1,1
"1178",0,1,0,0,1,0,1,1,0,1,1
"1179",0,1,1,1,0,0,0,2,1,2,1
"1180",0,0,0,0,0,0,0,0,0,0,0
"1181",0,0,0,0,0,0,0,1,0,1,1
"1182",0,1,0,0,1,0,1,1,0,1,1
"1183",0,1,0,0,1,0,1,1,0,1,1
"1184",0,0,0,0,1,0,0,0,0,1,1
"1185",0,1,0,0,1,0,0,1,0,1,1
"1186",0,0,0,0,0,0,0,0,0,0,0
"1187",0,0,0,0,0,0,0,0,0,0,0
"1188",0,1,0,1,0,0,0,0,0,0,0
"1189",1,0,1,1,0,1,1,0,3,2,-1
"1190",0,2,0,1,1,0,0,1,0,2,2
"1191",0,1,0,0,1,0,0,1,0,1,1
"1192",0,1,0,1,1,0,0,0,0,1,1
"1193",1,1,0,2,1,3,0,0,3,1,-2
"1194",0,1,0,0,0,0,0,1,0,1,1
"1195",1,0,1,0,2,0,1,1,1,3,2
"1196",0,0,0,0,0,0,0,0,0,0,0
"1197",0,0,0,0,1,0,0,0,0,1,1
"1198",0,0,0,0,0,0,0,0,0,0,0
"1199",0,1,0,0,1,0,1,1,0,1,1
"1200",0,0,0,0,0,0,0,0,0,0,0
"1201",0,0,0,0,0,0,0,0,0,0,0
"1202",0,0,0,0,1,0,0,0,0,1,1
"1203",0,0,0,0,0,0,0,0,0,0,0
"1204",0,1,0,0,1,0,1,1,0,1,1
"1205",0,1,0,0,0,0,0,0,0,0,0
"1206",1,1,0,0,1,0,1,1,0,1,1
"1207",0,0,0,0,0,0,0,0,0,0,0
"1208",0,1,0,1,1,0,0,1,0,2,2
"1209",0,0,0,0,0,0,0,0,0,0,0
"1210",1,1,0,0,1,0,1,1,0,1,1
"1211",0,0,0,0,0,0,0,0,0,0,0
"1212",0,1,0,0,1,0,0,2,0,2,2
"1213",0,0,0,0,0,0,0,0,0,0,0
"1214",0,0,0,0,0,0,0,0,0,0,0
"1215",0,3,0,1,1,0,0,2,0,3,3
"1216",0,1,0,0,1,0,0,1,0,1,1
"1217",0,0,0,0,0,0,0,0,0,0,0
"1218",0,0,0,0,1,0,0,1,0,1,1
"1219",0,2,0,0,2,0,1,1,0,2,2
"1220",0,0,0,1,0,1,0,0,1,0,-1
"1221",0,0,0,0,1,0,0,1,0,1,1
"1222",0,2,0,1,1,0,1,1,1,1,0
"1223",0,0,0,0,0,0,0,0,0,0,0
"1224",0,0,0,0,0,0,0,0,0,0,0
"1225",2,2,1,1,0,1,0,0,4,1,-3
"1226",0,0,1,0,1,1,1,2,0,5,5
"1227",0,0,0,0,1,0,0,0,0,1,1
"1228",0,1,0,0,1,0,1,1,0,1,1
"1229",1,1,0,1,1,0,0,0,1,1,0
"1230",0,0,0,0,0,0,0,0,0,1,1
"1231",0,0,0,0,1,1,0,0,0,2,2
"1232",0,0,0,0,0,0,0,0,0,0,0
"1233",0,0,0,0,0,0,0,0,1,0,-1
"1234",1,1,1,0,1,1,0,1,1,2,1
"1235",0,0,0,0,0,0,1,0,0,0,0
"1236",0,0,0,0,0,0,0,0,0,0,0
"1237",0,0,0,0,0,0,0,0,0,0,0
"1238",0,1,0,0,1,0,1,1,0,1,1
"1239",1,1,0,0,1,0,1,1,1,1,0
"1240",0,0,0,0,0,0,0,0,0,0,0
"1241",0,1,0,0,1,0,1,2,0,2,2
"1242",1,1,0,1,1,0,0,2,1,2,1
"1243",1,3,0,1,2,0,2,2,1,2,1
"1244",1,1,0,0,1,0,1,1,0,1,1
"1245",0,0,0,0,0,0,0,0,0,0,0
"1246",1,0,1,1,0,1,0,1,1,1,0
"1247",0,0,0,0,1,0,0,0,0,1,1
"1248",0,1,0,1,2,0,0,1,0,2,2
"1249",1,0,0,0,0,0,0,0,1,0,-1
"1250",0,4,0,1,2,0,1,2,0,2,2
"1251",0,0,0,0,1,0,0,0,0,2,2
"1252",1,4,0,1,3,1,2,3,1,3,2
"1253",0,0,0,0,0,0,0,0,0,0,0
"1254",1,1,0,0,1,0,1,1,1,1,0
"1255",0,0,0,0,0,0,0,0,0,0,0
"1256",0,0,0,0,0,0,0,0,0,0,0
"1257",0,1,0,2,0,1,0,0,2,0,-2
"1258",0,0,0,0,0,0,0,0,0,0,0
"1259",0,0,0,0,0,0,0,0,0,0,0
"1260",0,0,0,0,0,0,0,0,0,0,0
"1261",0,0,1,0,0,0,0,0,1,0,-1
"1262",0,0,0,0,1,0,0,1,0,1,1
"1263",1,3,0,0,2,1,1,2,2,5,3
"1264",0,0,0,0,0,0,0,0,0,0,0
"1265",0,0,0,0,0,0,0,0,0,0,0
"1266",0,0,1,0,0,0,0,0,0,0,0
"1267",0,1,0,1,0,0,0,0,0,1,1
"1268",1,1,0,0,2,0,1,1,1,2,1
"1269",0,0,0,0,0,0,0,0,0,2,2
"1270",0,1,0,1,0,0,0,1,1,1,0
"1271",0,1,0,0,0,0,0,0,0,0,0
"1272",0,2,0,1,0,0,0,1,1,0,-1
"1273",0,0,0,0,1,0,0,0,0,1,1
"1274",0,1,0,1,2,0,0,1,0,2,2
"1275",0,1,0,1,4,1,1,3,1,6,5
"1276",0,0,0,0,1,0,0,0,0,1,1
"1277",0,0,0,0,0,0,0,0,0,0,0
"1278",0,0,0,0,0,1,0,0,1,1,0
"1279",0,0,0,0,0,0,0,0,0,0,0
"1280",1,0,0,1,1,0,0,0,1,1,0
"1281",1,0,1,0,0,0,0,0,1,0,-1
"1282",0,0,0,0,0,0,0,1,0,1,1
"1283",0,1,1,1,0,0,0,1,1,0,-1
"1284",0,1,0,0,2,0,1,0,0,2,2
"1285",0,0,0,0,0,0,0,0,0,0,0
"1286",0,0,0,0,1,0,0,1,0,1,1
"1287",0,0,0,0,0,0,0,0,0,0,0
"1288",0,1,0,0,1,0,1,1,0,2,2
"1289",0,0,0,0,0,0,0,0,0,0,0
"1290",0,0,0,0,0,0,0,0,0,0,0
"1291",0,1,0,1,0,0,0,0,0,0,0
"1292",0,0,0,0,0,0,0,0,0,1,1
"1293",0,0,0,0,0,0,0,0,0,0,0
"1294",0,2,0,0,1,0,0,0,0,1,1
"1295",1,0,1,0,0,1,0,1,2,3,1
"1296",0,0,0,0,0,0,0,0,0,0,0
"1297",0,3,0,0,2,0,1,2,1,5,4
"1298",0,0,0,0,0,0,0,0,0,0,0
"1299",0,0,0,0,0,0,0,0,0,0,0
"1300",0,0,0,0,0,0,0,0,0,0,0
"1301",0,0,1,0,0,0,0,0,0,0,0
"1302",0,0,0,0,0,0,0,0,0,1,1
"1303",0,2,0,1,1,0,0,1,0,1,1
"1304",0,0,0,0,0,0,0,1,0,2,2
"1305",0,0,0,0,0,0,0,0,0,1,1
"1306",0,0,0,0,0,0,0,0,0,0,0
"1307",0,0,0,0,0,0,0,0,0,0,0
"1308",1,1,1,2,0,2,0,0,2,0,-2
"1309",0,1,0,0,1,0,1,0,0,1,1
"1310",1,1,0,1,2,0,0,1,1,4,3
"1311",0,0,0,0,0,0,0,0,0,0,0
"1312",0,1,0,1,1,0,0,1,0,2,2
"1313",0,0,0,0,0,0,0,0,0,0,0
"1314",0,1,0,0,1,0,1,1,0,1,1
"1315",0,1,0,0,1,0,0,1,0,1,1
"1316",0,0,1,0,0,0,0,0,0,0,0
"1317",0,0,0,0,0,0,0,0,0,0,0
"1318",0,0,0,0,0,0,0,0,0,0,0
"1319",0,0,0,0,1,0,0,0,0,1,1
"1320",0,0,0,0,0,0,0,0,0,0,0
"1321",0,0,0,0,1,0,0,0,0,1,1
"1322",0,2,0,0,2,0,1,2,1,3,2
"1323",2,1,1,1,1,1,1,1,2,1,-1
"1324",0,0,0,0,0,0,0,0,0,0,0
"1325",0,0,0,0,0,0,0,0,0,0,0
"1326",1,2,1,1,1,0,1,5,1,6,5
"1327",0,1,0,0,1,0,1,1,0,1,1
"1328",0,0,0,0,1,0,0,0,0,1,1
"1329",0,0,0,0,1,0,0,0,0,1,1
"1330",0,1,0,0,1,0,1,1,0,1,1
"1331",3,1,3,1,1,4,1,1,4,1,-3
"1332",0,0,0,0,0,0,0,0,0,0,0
"1333",0,0,0,0,0,0,0,0,0,0,0
"1334",0,0,1,0,0,0,0,0,0,0,0
"1335",0,0,0,0,0,0,0,0,0,0,0
"1336",0,0,0,0,0,0,0,0,0,0,0
"1337",0,0,0,0,0,0,0,0,0,0,0
"1338",0,1,0,0,1,0,1,1,0,1,1
"1339",0,2,0,0,2,0,1,2,0,2,2
"1340",0,1,0,0,1,0,0,1,0,1,1
"1341",0,0,0,0,0,0,0,0,0,0,0
"1342",0,0,0,0,1,0,0,0,0,1,1
"1343",0,0,0,0,0,0,0,0,0,0,0
"1344",0,1,0,0,1,0,1,1,0,1,1
"1345",0,0,0,0,0,0,0,0,0,0,0
"1346",0,0,0,0,1,0,0,0,0,1,1
"1347",0,3,0,1,2,1,2,2,1,2,1
"1348",0,0,0,0,0,0,0,0,0,0,0
"1349",0,0,0,0,0,0,0,0,0,0,0
"1350",0,0,0,0,0,0,0,0,0,0,0
"1351",0,1,2,1,0,1,0,0,2,0,-2
"1352",0,1,0,1,0,0,0,0,0,0,0
"1353",0,0,0,1,1,0,0,0,1,1,0
"1354",0,0,0,0,0,0,0,0,0,0,0
"1355",1,0,0,0,0,0,0,0,1,0,-1
"1356",1,2,0,1,2,0,0,1,1,3,2
"1357",0,1,0,0,1,0,1,2,0,3,3
"1358",1,0,1,0,0,1,0,1,1,1,0
"1359",1,2,2,1,1,1,1,1,3,1,-2
"1360",0,1,0,0,1,0,1,1,1,2,1
"1361",1,1,1,1,1,1,0,1,1,1,0
"1362",0,0,0,0,0,0,0,0,0,1,1
"1363",0,0,1,0,0,0,0,0,0,0,0
"1364",0,0,0,0,1,0,0,0,0,1,1
"1365",0,2,0,1,1,0,0,1,0,1,1
"1366",1,1,0,0,1,0,1,1,1,1,0
"1367",0,0,0,0,1,0,0,0,0,1,1
"1368",1,1,0,0,3,0,1,1,1,4,3
"1369",0,1,0,1,0,0,0,0,0,0,0
"1370",0,1,0,0,1,0,0,1,0,1,1
"1371",0,0,0,0,0,0,1,0,0,0,0
"1372",0,1,0,1,0,0,0,0,0,1,1
"1373",0,1,0,0,1,1,0,1,0,1,1
"1374",0,1,0,0,1,0,1,1,0,1,1
"1375",0,0,0,0,0,0,0,0,0,0,0
"1376",0,1,0,0,1,0,0,0,0,1,1
"1377",0,0,0,0,0,0,0,0,0,0,0
"1378",0,1,0,0,1,0,1,1,0,1,1
"1379",0,0,0,0,0,0,0,0,0,0,0
"1380",0,1,0,0,0,0,0,1,0,1,1
"1381",1,0,0,0,0,0,0,0,1,0,-1
"1382",0,0,0,0,0,0,0,0,0,0,0
"1383",0,0,1,0,0,0,0,0,0,0,0
"1384",0,0,0,0,0,0,0,0,0,0,0
"1385",0,0,0,0,0,0,0,0,0,0,0
"1386",0,0,0,0,1,0,0,0,0,1,1
"1387",0,0,0,0,0,0,0,0,0,0,0
"1388",1,1,0,0,1,0,1,1,0,1,1
"1389",0,1,2,1,0,1,0,1,2,1,-1
"1390",0,0,0,0,0,0,0,0,0,0,0
"1391",0,0,0,0,0,0,0,0,0,0,0
"1392",1,0,1,1,1,1,0,0,1,1,0
"1393",0,0,0,0,1,0,0,1,0,1,1
"1394",0,0,0,0,0,0,0,0,0,0,0
"1395",0,0,0,0,0,1,0,0,1,1,0
"1396",0,1,0,1,0,0,0,0,0,0,0
"1397",0,1,0,0,1,0,1,1,0,1,1
"1398",0,0,0,1,0,0,0,0,1,0,-1
